id,name,kind,state,latitude,longitude,placement,year_opened,capacity_mwt,link,note
ghp-colgate-university,Colgate University,geothermal-network,NY,42.815403700000005,-75.53958155911818,site,,,https://www.colgate.edu/about/sustainability/energy-green-buildings,
ghp-smith-college,Smith College,geothermal-network,MA,42.31622385,-72.64039314741159,site,,,,
ghp-university-of-illinois,University of Illinois,geothermal-network,IL,40.076154450000004,-88.22331340640494,site,,,https://icap.sustainability.illinois.edu/project/geothermal-campus,
ghp-boston-university,Boston University,geothermal-network,MA,42.3504324,-71.10170122505716,site,,,https://www.bu.edu/articles/2019/bostons-biggest-geothermal-system-makes-its-debut/,
ghp-north-shore-community-college,North Shore Community College,geothermal-network,MA,42.59236625,-70.96881704929245,site,,,,
ghp-ball-state-university,Ball State University,geothermal-network,IN,40.209723499999996,-85.41111683589489,site,,,,
ghp-cornell-tech,Cornell Tech,geothermal-network,NY,40.7544531,-73.9557927,site,,,https://tech.cornell.edu/news/cornell-tech-on-path-to-reach-net-zero-at-the-bloomberg-center/,
ghp-drury-university,Drury University,geothermal-network,MO,37.2182356,-93.2846472053064,site,,,https://www.drury.edu/president/pdf/presreport2008.pdf?q=our-focus-is-in-plastics,
ghp-lake-land-college,Lake Land College,geothermal-network,IL,39.41608855,-88.38442768912891,site,,,,
ghp-harvard-college,Harvard College,geothermal-network,MA,42.381529,-71.1280455,site,,,https://www.campusservices.harvard.edu/system/files/documents/978/Geothermal%20Wells%20-%20Lessons%20Learned.pdf,
ghp-feather-river-college,Feather River college,geothermal-network,CA,39.9522427,-120.9701297,site,,,,
ghp-skidmore-college,Skidmore College,geothermal-network,NY,43.098732,-73.783985,site,,,,
ghp-notre-dame-university,Notre Dame University,geothermal-network,IN,41.704567749999995,-86.23822026017265,site,,,,
ghp-stockton-university,Stockton University,geothermal-network,NJ,39.4900756,-74.53401951500001,site,,,https://www.achrnews.com/articles/84331-nj-college-continues-to-benefit-from-pioneering-geothermal-system,
ghp-southeastern-louisisna-university,Southeastern Louisisna University,geothermal-network,LA,30.5182254,-90.46881486064369,site,,,http://www.southeastern.edu/admin/phys_plant/green/geothermal/index.html,
ghp-antioch-college,Antioch College,geothermal-network,OH,39.7979103,-83.88804518580241,site,,,https://ysnews.com/news/2013/11/antioch-college-physical-plant-an-ambitious-geothermal-dig,
ghp-miami-university-ohio,Miami University Ohio,geothermal-network,OH,39.5094198,-84.7311545671451,site,,,https://reports.aashe.org/media/secure/484/7/658/5779/Miami%20Utility%20Brochure%202x5.5x8%20pdf.pdf,
ghp-missouri-university-of-science-and-technology,Missouri University of Science and technology,geothermal-network,MO,37.952905900000005,-91.77385818768353,site,,,https://geothermal.mst.edu/,
ghp-carleton-college,Carleton College,geothermal-network,MN,44.47183535,-93.14145805901515,site,,,https://apps.carleton.edu/geothermal/assets/Carlton.pdf,
ghp-princeton-university,Princeton University,geothermal-network,NJ,40.33867515,-74.65836549131683,site,,,https://facilities.princeton.edu/sites/facilities/files/geoexchange-flyer.pdf,
ghp-grinnel-college,Grinnel College,geothermal-network,IA,41.75111985,-92.71984863278584,site,,,https://www.grinnell.edu/about/offices-services/environmental-stewardship/green-building,
ghp-elon-university,Elon University,geothermal-network,NC,36.09721795,-79.49966128392744,site,,,,
ghp-yale-university,Yale University,geothermal-network,CT,41.25713055,-72.98966960152231,site,,,,
ghp-ohio-state-university,Ohio State University,geothermal-network,OH,40.00570905,-83.02866280407744,site,,,,
ghp-allegheny-college,Allegheny College,geothermal-network,PA,41.6480894,-80.14529767068235,site,,,,
ghp-champlain-college,Champlain College,geothermal-network,VT,44.473906400000004,-73.20327154657234,site,,,,
ghp-alfred-state-college,Alfred State College,geothermal-network,NY,42.25612555,-77.79791361746526,site,,,,
ghp-agnes-scott-college,Agnes Scott College,geothermal-network,GA,33.7688851,-84.2944452,site,,,,
ghp-auburn-university,Auburn University,geothermal-network,AL,32.59195285,-85.49597748562812,site,,,,
ghp-bard-college,Bard College,geothermal-network,NY,42.0225482,-73.91072422119606,site,,,,
ghp-berea-college,Berea college,geothermal-network,KY,37.5717496,-84.2902111,site,,,,
ghp-greenfield-community-college,Greenfield Community College,geothermal-network,MA,42.59827645,-72.63022983126251,site,,,,
ghp-boston-architectural-college,Boston Architectural College,geothermal-network,MA,42.3484696,-71.08575407316081,site,,,,
ghp-bowdoin-college,Bowdoin College,geothermal-network,ME,43.90869735,-69.96142281131719,site,,,,
ghp-brandeis-university,Brandeis University,geothermal-network,MA,42.36650945,-71.2580196483813,site,,,,
ghp-cayuga-community-college,Cayuga Community College,geothermal-network,NY,42.9434118,-76.543207,site,,,https://www.beardsley.com/architecture-design-engineering-portfolio-ny/higher-education/cayuga-community-college-classroom-and-technical-center-project/,
ghp-columbia-university,Columbia University,geothermal-network,NY,40.80775585,-73.96161411567529,site,,,,
ghp-clarkson-university,Clarkson University,geothermal-network,NY,44.65958875,-75.00623974830918,site,,,,
ghp-colby-college,Colby College,geothermal-network,ME,44.56118735,-69.65845830581773,site,,,,
ghp-suny-college-of-environmental-science-and-forestry,SUNY College of Environmental Science and Forestry,geothermal-network,NY,43.0347222,-76.1355556,site,,,,
ghp-college-of-lake-county,College of Lake County,geothermal-network,IL,42.355420249999995,-88.01236226311934,site,,,https://aeieng.com/markets/project/college-of-lake-county-science-and-engineering-building,
ghp-duke-university,Duke University,geothermal-network,NC,36.00015569999999,-78.94422972195878,site,,,,
ghp-bellevue-college,bellevue college,geothermal-network,WA,47.585121599999994,-122.14695953894167,site,,,,
ghp-colorado-college,Colorado College,geothermal-network,CO,38.8480439,-104.8239509314005,site,,,,
ghp-colorado-state-university,Colorado State University,geothermal-network,CO,40.570656650000004,-105.08539947634978,site,,,,
ghp-columbia-green-community-college-suny,Columbia Green Community College (SUNY),geothermal-network,NY,42.21827485,-73.81694649974399,site,,,,
ghp-corning-community-college-suny,Corning Community College (SUNY),geothermal-network,NY,42.116566250000005,-77.07415127939038,site,,,,
ghp-denison-university,Denison University,geothermal-network,OH,40.07300505,-82.52248588003852,site,,,,
ghp-dutchess-community-college-suny,Dutchess Community College (SUNY),geothermal-network,NY,41.7261284,-73.89974118815331,site,,,,
ghp-eastern-connecticut-state-university,Eastern Connecticut State University,geothermal-network,CT,41.721017700000004,-72.21764904029658,site,,,,
ghp-emory-and-henry-college,Emory and Henry College,geothermal-network,VA,36.77191045,-81.83451182314374,site,,,http://www.staenglengineering.com/projects/emoryhenry-college/,
ghp-hamilton-college,hamilton College,geothermal-network,NY,43.0537974,-75.40693894376341,site,,,,
ghp-northland-college,Northland College,geothermal-network,WI,46.5792721,-90.87487038910868,site,,,,
ghp-university-of-illinois-chicago,"University of Illinois, Chicago",geothermal-network,IL,41.868922299999994,-87.64858476010119,site,,,,
ghp-lipscomb-university,lipscomb University,geothermal-network,TN,36.10507165,-86.79864091820343,site,,,,
ghp-rice-university,Rice University,geothermal-network,TX,29.716791450000002,-95.40478113393792,site,,,https://www.nwf.org/-/media/PDFs/Campus-Ecology/Reports/Geothermal-Guide-FINAL-3-1-11.ashx,
ghp-university-of-maine-at-farmington,University of Maine at Farmington,geothermal-network,ME,44.66721785,-70.15329898464594,site,,,https://www.nwf.org/-/media/PDFs/Campus-Ecology/Reports/Geothermal-Guide-FINAL-3-1-11.ashx,
ghp-warren-wilson-college,Warren Wilson College,geothermal-network,NC,35.6134478,-82.4406782,site,,,https://www.nwf.org/-/media/PDFs/Campus-Ecology/Reports/Geothermal-Guide-FINAL-3-1-11.ashx,
ghp-wilson-community-college,Wilson Community College,geothermal-network,NC,35.728935,-77.89583102712766,site,,,https://www.nwf.org/-/media/PDFs/Campus-Ecology/Reports/Geothermal-Guide-FINAL-3-1-11.ashx,
ghp-oberlin-college,Oberlin College,geothermal-network,OH,41.2959178,-82.22146700795557,site,,,,
ghp-yavapai-college,Yavapai College,geothermal-network,AZ,34.5472599,-112.4549,site,,,https://www.nwf.org/-/media/PDFs/Campus-Ecology/Reports/Geothermal-Guide-FINAL-3-1-11.ashx,
ghp-ohlone-college,Ohlone College,geothermal-network,CA,37.53354605,-121.90633194463035,site,,,,
ghp-colorado-northwestern-community-college-craig-campus,"Colorado Northwestern Community College, Craig Campus",geothermal-network,CO,40.522368150000005,-107.57945051079467,site,,,,
ghp-fairfield-university,Fairfield University,geothermal-network,CT,41.15967565,-73.25740310197213,site,,,,
ghp-university-of-central-florida,University of Central Florida,geothermal-network,FL,28.59899755,-81.19712501183949,site,,,https://www.nwf.org/-/media/PDFs/Campus-Ecology/Reports/Geothermal-Guide-FINAL-3-1-11.ashx,
ghp-georgia-institute-of-technology,Georgia Institute of Technology,geothermal-network,GA,33.776094799999996,-84.3988076699857,site,,,https://www.nwf.org/-/media/PDFs/Campus-Ecology/Reports/Geothermal-Guide-FINAL-3-1-11.ashx,
ghp-university-of-hawaii-at-manoa,University of Hawaii at Manoa,geothermal-network,HI,21.2982795,-157.81869185528882,site,,,https://www.nwf.org/-/media/PDFs/Campus-Ecology/Reports/Geothermal-Guide-FINAL-3-1-11.ashx,
ghp-luther-college,Luther College,geothermal-network,IA,43.3169528,-91.79850254143065,site,,,,
ghp-university-of-northern-iowa,University of Northern Iowa,geothermal-network,IA,42.51495695,-92.46295221070969,site,,,https://www.nwf.org/-/media/PDFs/Campus-Ecology/Reports/Geothermal-Guide-FINAL-3-1-11.ashx,
ghp-maharishi-university-of-management,Maharishi University of Management,geothermal-network,IA,41.023532,-91.96396696626837,site,,,,
ghp-columbia-college,Columbia College,geothermal-network,IL,41.8753862,-87.62652016305867,site,,,https://www.nwf.org/-/media/PDFs/Campus-Ecology/Reports/Geothermal-Guide-FINAL-3-1-11.ashx,
ghp-heartland-community-college,Heartland Community College,geothermal-network,IL,40.534973,-89.01216450153488,site,,,https://www.nwf.org/-/media/PDFs/Campus-Ecology/Reports/Geothermal-Guide-FINAL-3-1-11.ashx,
ghp-john-wood-community-college,John Wood Community College,geothermal-network,IL,39.91336080000001,-91.33492511518646,site,,,https://www.nwf.org/-/media/PDFs/Campus-Ecology/Reports/Geothermal-Guide-FINAL-3-1-11.ashx,
ghp-university-of-illinois-rockford,"University of Illinois, Rockford",geothermal-network,IL,42.2840942,-89.05511372669608,site,,,https://www.nwf.org/-/media/PDFs/Campus-Ecology/Reports/Geothermal-Guide-FINAL-3-1-11.ashx,
ghp-western-illinois-university,Western Illinois University,geothermal-network,IL,40.47714685,-90.68620239811149,site,,,,
ghp-goshen-college,Goshen College,geothermal-network,IN,41.56248295,-85.82522495563299,site,,,,
ghp-university-of-kansas,University of Kansas,geothermal-network,KS,38.953491799999995,-95.26308879955823,site,,,,
ghp-harford-community-college,Harford Community College,geothermal-network,MD,39.5604675,-76.28300448143668,site,,,https://www.nwf.org/-/media/PDFs/Campus-Ecology/Reports/Geothermal-Guide-FINAL-3-1-11.ashx,
ghp-mcdaniel-college,McDaniel College,geothermal-network,MD,39.5852104,-77.0037145296605,site,,,,
ghp-university-of-southern-maine,University of Southern Maine,geothermal-network,ME,43.66248265,-70.27592643052031,site,,,,
ghp-davenport-university,Davenport University,geothermal-network,MI,43.61331215,-84.1832637730429,site,,,,
ghp-grand-valley-state-university-allendale,Grand Valley State University Allendale,geothermal-network,MI,42.96244515,-85.89054225914117,site,,,,
ghp-lansing-community-college,Lansing Community College,geothermal-network,MI,42.73795475,-84.55302338580589,site,,,https://www.countrylines.com/our-energy/michigan-capitol-goes-green-with-geothermal/,
ghp-lawrence-technological-university,Lawrence Technological University,geothermal-network,MI,42.4752647,-83.25063727571097,site,,,https://www.nwf.org/-/media/PDFs/Campus-Ecology/Reports/Geothermal-Guide-FINAL-3-1-11.ashx,
ghp-university-of-montana,University of Montana,geothermal-network,MT,46.8541841,-113.96552830266285,site,,,https://www.nwf.org/-/media/PDFs/Campus-Ecology/Reports/Geothermal-Guide-FINAL-3-1-11.ashx,
ghp-university-of-north-carolina-chapel-hill,University of North Carolina Chapel Hill,geothermal-network,NC,35.90503535,-79.04775326525107,site,,,https://www.nwf.org/-/media/PDFs/Campus-Ecology/Reports/Geothermal-Guide-FINAL-3-1-11.ashx,
ghp-turtle-mountain-community-college,Turtle Mountain Community College,geothermal-network,ND,48.8836476,-99.74969174483635,site,,,,
ghp-plymouth-state-university,Plymouth State University,geothermal-network,NH,43.760904749999995,-71.68087142053905,site,,,https://campus.plymouth.edu/climate-action-plan/mitigation-strategies/,
ghp-drew-university,Drew University,geothermal-network,NJ,40.76053795,-74.42816053099715,site,,,,
ghp-adelphi-university,Adelphi University,geothermal-network,NY,40.7197638,-73.65197185396391,site,,,,
ghp-ithaca-college,Ithaca College,geothermal-network,NY,42.419703549999994,-76.49833484728887,site,,,,
ghp-paul-smiths-college,Paul Smith's College,geothermal-network,NY,44.4335839,-74.24772671086149,site,,,,
ghp-sullivan-county-community-college-suny,"Sullivan County Community College, SUNY",geothermal-network,NY,41.7123136,-74.6284937,site,,,,
ghp-suny-brockport,SUNY Brockport,geothermal-network,NY,43.209853,-77.95135867191908,site,,,,
ghp-the-general-theological-seminary,The General Theological Seminary,geothermal-network,NY,40.74528,-74.00472,site,,,,
ghp-vassar-college,Vassar College,geothermal-network,NY,41.68616634999999,-73.89338274119729,site,,,https://www.nwf.org/-/media/PDFs/Campus-Ecology/Reports/Geothermal-Guide-FINAL-3-1-11.ashx,
ghp-rogers-state-university,Rogers State University,geothermal-network,OK,36.318609949999995,-95.63611368514333,site,,,,
ghp-oklahoma-state-university,Oklahoma State University,geothermal-network,OK,36.128476750000004,-97.08398055028107,site,,,https://www.nwf.org/-/media/PDFs/Campus-Ecology/Reports/Geothermal-Guide-FINAL-3-1-11.ashx,
ghp-oklahoma-state-university-institute-of-techology-at-okmulgee,Oklahoma State University Institute of Techology at Okmulgee,geothermal-network,OK,35.630549,-95.93956741486203,site,,,https://www.nwf.org/-/media/PDFs/Campus-Ecology/Reports/Geothermal-Guide-FINAL-3-1-11.ashx,
ghp-lane-community-college,Lane Community College,geothermal-network,OR,44.0097885,-123.03276454661471,site,,,,
ghp-portland-state-university,Portland State University,geothermal-network,OR,45.51181205,-122.68493059820187,site,,,,
ghp-university-of-oregon,University of Oregon,geothermal-network,OR,44.04441965,-123.07176029673084,site,,,https://www.nwf.org/-/media/PDFs/Campus-Ecology/Reports/Geothermal-Guide-FINAL-3-1-11.ashx,
ghp-california-university-of-pennsylvania,California University of Pennsylvania,geothermal-network,PA,40.06443145,-79.88439813365662,site,,,https://www.nwf.org/-/media/PDFs/Campus-Ecology/Reports/Geothermal-Guide-FINAL-3-1-11.ashx,
ghp-mercyhurst-college,Mercyhurst College,geothermal-network,PA,42.1047914,-80.0514571,site,,,,
ghp-mercyhurst-college-northeast,Mercyhurst College Northeast,geothermal-network,PA,42.2201193,-79.835547,site,,,https://www.nwf.org/-/media/PDFs/Campus-Ecology/Reports/Geothermal-Guide-FINAL-3-1-11.ashx,
ghp-west-chester-university,West Chester University,geothermal-network,PA,39.9519084,-75.5972947417381,site,,,,
ghp-furman-university,Furman University,geothermal-network,SC,34.92577435,-82.4385258125221,site,,,,
ghp-medical-university-of-south-carolina,Medical University of South Carolina,geothermal-network,SC,32.784296499999996,-79.94714193501349,site,,,,
ghp-pacific-luthuran-university,Pacific Luthuran University,geothermal-network,WA,47.14375725,-122.44438886592795,site,,,,
ghp-college-of-minominee-nation,College of Minominee Nation,geothermal-network,WI,44.85554755,-88.6245843192466,site,,,https://www.nwf.org/-/media/PDFs/Campus-Ecology/Reports/Geothermal-Guide-FINAL-3-1-11.ashx,
ghp-university-of-wisconsin-madison,University of Wisconsin- Madison,geothermal-network,WI,43.080274450000005,-89.43095871991434,site,,,,
ghp-laramie-county-community-college,Laramie County Community College,geothermal-network,WY,41.105960100000004,-104.77927274545735,site,,,https://www.nwf.org/-/media/PDFs/Campus-Ecology/Reports/Geothermal-Guide-FINAL-3-1-11.ashx,
ghp-monroe-commnity-college,Monroe Commnity College,geothermal-network,MI,43.10144645,-77.60991914227245,site,,,,Labelled MI; the point is in NY.
ghp-montana-state-university,Montana State University,geothermal-network,MT,45.66381885,-111.07930568352012,site,,,,
du-san-bernardino-district-heating,San Bernardino District Heating,geothermal-district-heating,CA,34.092135,-117.289633,site,1984,12.83,,
du-susanville-district-heating,Susanville District Heating,geothermal-district-heating,CA,40.416624,-120.653653,site,1982,5.57,,
du-canbyisot-district-heating-system,Canby/I'SOT District Heating System,geothermal-district-heating,CA,41.44378,-120.87024,town,2003,0.38,,"No point published; placed at Canby, CA."
du-modoc-joint-unified-school-district-alturas,Modoc joint unified school district (Alturas),geothermal-district-heating,CA,41.48714,-120.54349,town,2017,0.44,,"No point published; placed at Alturas, CA."
du-pagosa-springs-district-heating,Pagosa Springs District Heating,geothermal-district-heating,CO,37.265726,-107.014335,site,1982,5.13,,
du-boise-city-district-heating,Boise City District Heating,geothermal-district-heating,ID,43.615029,-116.202255,site,1983,20.6,,
du-college-of-southern-idaho,College of Southern Idaho,geothermal-district-heating,ID,42.58164,-114.474394,site,1980,6.34,,
du-fort-boise-veterans-hospital,Fort Boise Veteran's Hospital,geothermal-district-heating,ID,43.621042,-116.189767,site,1988,1.76,,
du-idaho-capitol-mall,Idaho Capitol Mall,geothermal-district-heating,ID,43.617773,-116.199561,site,1982,3.31,,
du-kanaka-rapids-ranch,Kanaka Rapids Ranch,geothermal-district-heating,ID,42.66441,-114.803163,site,1989,1.1,,
du-ketchum-district-heating,Ketchum District Heating,geothermal-district-heating,ID,43.683257,-114.410598,site,1929,0.88,,
du-warm-springs-water-district,Warm Springs Water District,geothermal-district-heating,ID,43.607038,-116.182605,site,1892,3.6,,
du-gila-hot-springs-ranch,Gila Hot Springs Ranch,geothermal-district-heating,NM,33.195884,-108.206977,site,1987,0.3,,
du-elko-county-school-district,Elko County School District,geothermal-district-heating,NV,40.839428,-115.761963,site,1986,4.25,,
du-elko-district-heat,Elko District Heat,geothermal-district-heating,NV,40.831581,-115.76339,site,1982,3.81,,
du-manzanita-estates,Manzanita Estates,geothermal-district-heating,NV,39.474178,-119.836977,site,1986,3.6,,
du-warren-estates,Warren Estates,geothermal-district-heating,NV,39.488574,-119.824634,site,1983,1.05,,
du-city-of-klamath-falls-dh,City of Klamath Falls DH,geothermal-district-heating,OR,42.225378,-121.779826,site,1984,4.69,,
du-lakeview-prison,Lakeview Prison,geothermal-district-heating,OR,42.18877,-120.34579,town,2005,11.72,,"No point published; placed at Lakeview, OR."
du-lakeview-district-hospitals-and-lakeview-schools,Lakeview District Hospitals and Lakeview schools,geothermal-district-heating,OR,42.181313,-120.352183,site,2014,1.6,,
du-oregon-institute-of-technology,Oregon Institute of Technology,geothermal-district-heating,OR,42.256236,-121.785971,site,1964,6.21,,
du-midland-district-heat,Midland District Heat,geothermal-district-heating,SD,44.070789,-101.160302,site,1969,0.09,,
du-philip-district-heating,Philip District Heating,geothermal-district-heating,SD,44.039358,-101.665381,site,1980,2.46,,
